{"mean": [1.1683749838001528e-15, 3.416908049651284e-16, -1.379536707896593e-15, 2.0740951198584196e-15, 9.604066317127324e-16, 1.4873130132010145e-15, -5.556467295694611e-16, 1.2134813634275587e-16, -2.4063305498905906e-15, 2.2390527426993533e-15, 1.673326932726423e-15, -1.2470117695222676e-15, 8.190001274383203e-16, 1.2072942051600827e-15, 4.887455859804944e-15, 1.4377159541859243e-15, -3.7721706856547467e-16, 9.564149167014576e-16, 1.0399166050935636e-15, 6.406203628719748e-16, 1.654066907797022e-16, -3.568593220079729e-16, 2.5786478972835623e-16, 4.473265530947536e-15, 5.340914685085768e-16, 1.6834371984034178e-15, -3.6600908126037946e-16, -1.2273899954199695e-16, 88.34961925093133], "scale": [1.9586923652174186, 1.6513056804786777, 1.5162523432763155, 1.4158660892755086, 1.38024431090289, 1.3322687508539335, 1.2370914263703792, 1.1943508058914716, 1.0986301604917854, 1.0888478538435995, 1.0207112357718875, 0.9991996353557976, 0.9952724828452344, 0.9585939283692613, 0.9153144047032791, 0.876251349059508, 0.8493355725983112, 0.8381747380464949, 0.814039071658312, 0.7709236714693608, 0.7345227248583109, 0.7257002864164012, 0.624459199307252, 0.60564600456748, 0.5212771553974803, 0.48222616667470836, 0.4036317863573608, 0.3300826846738726, 250.11967013523534]}